dcarbon,dbdcarbon,user,a05status,staff,內部現職人員,無
dcarbon,dbdcarbon,user,a05status,suspend,內部暫停帳號,
dcarbon,dbdcarbon,user,a05status,terminate,內部永久停用,
dcarbon,dbdcarbon,user,a05status,stakeholder,外部人員仍使用,
dcarbon,dbdcarbon,user,a05status,idle,外部暫停帳號,
dcarbon,dbdcarbon,user,a05status,nomore,外部永久停用,
dcarbon,dbdcarbon,user,a05status,otheruser,其他暫用,
dcarbon,dbdcarbon,user,a05status,otherstop,其他暫停,
dcarbon,dbdcarbon,user,a05status,otherterminate,其他永停,
dcarbon,dbdcarbon,user,a25group,admin,系統管理員,自動含低一層權利
dcarbon,dbdcarbon,user,a25group,super,最高權限,自動含低一層權利
dcarbon,dbdcarbon,user,a25group,developer,程式開發者,自動含低一層權利
dcarbon,dbdcarbon,user,a25group,api,控制程式,自動含低一層權利
dcarbon,dbdcarbon,user,a25group,management,管理階層,自動含低一層權利
dcarbon,dbdcarbon,user,a25group,staff,團隊其他成員,自動含低一層權利
dcarbon,dbdcarbon,user,a25group,tester,系統測試員,自動含低一層權利
dcarbon,dbdcarbon,user,a25group,invesgator,驗證查證士,自動含低一層權利
dcarbon,dbdcarbon,user,a25group,methodor,方法建構士,自動含低一層權利
dcarbon,dbdcarbon,user,a25group,processer,流程分解士,
dcarbon,dbdcarbon,user,a25group,collecter,參數蒐整士,
dcarbon,dbdcarbon,user,a25group,applicant,公評碳權申請人,
dcarbon,dbdcarbon,user,a25group,receiver,公評碳權收受者,
dcarbon,dbdcarbon,user,a25group,visitor,網站訪客,
dcarbon,dbdcarbon,user,a25group,groupX,備用權限群組,
dcarbon,dbdcarbon,userright,a05group,admin,系統管理員,自動含低一層權利
dcarbon,dbdcarbon,userright,a05group,super,最高權限,自動含低一層權利
dcarbon,dbdcarbon,userright,a05group,developer,程式開發者,自動含低一層權利
dcarbon,dbdcarbon,userright,a05group,api,控制程式,自動含低一層權利
dcarbon,dbdcarbon,userright,a05group,management,管理階層,自動含低一層權利
dcarbon,dbdcarbon,userright,a05group,staff,團隊其他成員,自動含低一層權利
dcarbon,dbdcarbon,userright,a05group,tester,系統測試員,自動含低一層權利
dcarbon,dbdcarbon,userright,a05group,invesgator,驗證查證士,自動含低一層權利
dcarbon,dbdcarbon,userright,a05group,methodor,方法建構士,自動含低一層權利
dcarbon,dbdcarbon,userright,a05group,processer,流程分解士,
dcarbon,dbdcarbon,userright,a05group,collecter,參數蒐整士,
dcarbon,dbdcarbon,userright,a05group,applicant,公評碳權申請人,
dcarbon,dbdcarbon,userright,a05group,receiver,公評碳權收受者,
dcarbon,dbdcarbon,userright,a05group,groupX,備用權限群組,
dcarbon,dbdcarbon,userright,a10operation,read,只能讀取,
dcarbon,dbdcarbon,userright,a10operation,write,可寫入,自動含低一層權利
dcarbon,dbdcarbon,userright,a10operation,run,可執行程式,自動含低一層權利
dcarbon,dbdcarbon,userright,a10operation,delete,可刪除,自動含低一層權利
dcarbon,dbdcarbon,userright,a10operation,audit,可檢視歷程資料,自動含低一層權利
dcarbon,dbdcarbon,userright,a10operation,fullright,對檔案的全部權限,自動含低一層權利
dcarbon,dbdcarbon,userright,a10operation,admin,所有權限,自動含低一層權利
dcarbon,dbdcarbon,userright,a20scope,open,可看對外公布資訊,等級0
dcarbon,dbdcarbon,userright,a20scope,limit,可看對外限閱資訊,等級1
dcarbon,dbdcarbon,userright,a20scope,worktodo4staff,可看下屬業務一般資訊,等級2
dcarbon,dbdcarbon,userright,a20scope,worktodo4dept,可看單位業務一般資訊,等級3
dcarbon,dbdcarbon,userright,a20scope,data4firm,可看全團隊一般資訊,等級4
dcarbon,dbdcarbon,userright,a20scope,credential4staff,可看下袰業務機密資訊,等級5
dcarbon,dbdcarbon,userright,a20scope,visitorinfo,可看訪客登錄個資,等級6
dcarbon,dbdcarbon,userright,a20scope,applicantinfo,可看碳權申請人個資,等級7
dcarbon,dbdcarbon,userright,a20scope,loyalistinfo,可看淨零義士個資,等級8
dcarbon,dbdcarbon,userright,a20scope,personnel,可看團隊成員個資,等級9
dcarbon,dbdcarbon,userright,a20scope,credential4dept,可看單位業務機密資訊,等級10
dcarbon,dbdcarbon,userright,a20scope,credential4firm,可看全系統的機密資訊,等級11
dcarbon,dbdcarbon,userright,a20scope,topsecret,可看極機密,等級12
dcarbon,dbdcarbon,userright,a30dboperate,query,可查詢,
dcarbon,dbdcarbon,userright,a30dboperate,create,可寫入,自動含低一層權利
dcarbon,dbdcarbon,userright,a30dboperate,update,可更新,自動含低一層權利
dcarbon,dbdcarbon,userright,a30dboperate,delete,可刪除,自動含低一層權利
dcarbon,dbdcarbon,userright,a30dboperate,audit,可檢視歷程資料,自動含低一層權利
dcarbon,dbdcarbon,userright,a30dboperate,fullright,對檔案庫的全部權限,自動含低一層權利
dcarbon,dbdcarbon,userright,a30dboperate,admin,所有權限,自動含低一層權利
dcarbon,dbdcarbon,staff,a20department,management,管理階層,
dcarbon,dbdcarbon,staff,a20department,institution,制度設計組,
dcarbon,dbdcarbon,staff,a20department,development,系統開發組,
dcarbon,dbdcarbon,staff,a20department,maintenance,系統維運組,
dcarbon,dbdcarbon,staff,a20department,promote,制度系統宣傳推廣組,
dcarbon,dbdcarbon,staff,a20department,recruit,義士招募組,
dcarbon,dbdcarbon,staff,a20department,service,用戶服務組,
dcarbon,dbdcarbon,staff,a20department,fund,財務籌募管理組,
dcarbon,dbdcarbon,staff,a20department,audit,內部稽核組,
dcarbon,dbdcarbon,staff,a20department,support,行政支援組,
dcarbon,dbdcarbon,staff,a20department,adhoc1,機動備用組1,
dcarbon,dbdcarbon,staff,a20department,adhoc2,機動備用組2,
dcarbon,dbdcarbon,staff,a60expertise,fianacial,財務金融,
dcarbon,dbdcarbon,staff,a60expertise,economics,經濟學,
dcarbon,dbdcarbon,staff,a60expertise,marketing,市場行銷,
dcarbon,dbdcarbon,staff,a60expertise,translate,翻譯學,
dcarbon,dbdcarbon,staff,a60expertise,IPR,智慧財產權,
dcarbon,dbdcarbon,staff,a60expertise,law,一般法津知識,
dcarbon,dbdcarbon,staff,a60expertise,engineering,工業工程,
dcarbon,dbdcarbon,staff,a60expertise,design,設計學,
dcarbon,dbdcarbon,staff,a60expertise,programming,程式語言,
dcarbon,dbdcarbon,staff,a60expertise,bigdata,大數據,
dcarbon,dbdcarbon,staff,a60expertise,auto,自動控制,
dcarbon,dbdcarbon,staff,a60expertise,IOT,物聯網,
dcarbon,dbdcarbon,staff,a60expertise,blockchain,區塊鏈,
dcarbon,dbdcarbon,staff,a60expertise,AI,人工智慧,
dcarbon,dbdcarbon,staff,a60expertise,agronomy,農藝學,
dcarbon,dbdcarbon,staff,a60expertise,husbandry,畜牧學,
dcarbon,dbdcarbon,staff,a60expertise,strategy,策略管理,
dcarbon,dbdcarbon,staff,a60expertise,CSR,企業社會責任,
dcarbon,dbdcarbon,staff,a60expertise,accounting,會計,
dcarbon,dbdcarbon,staff,a60expertise,HRM,人力資源,
dcarbon,dbdcarbon,staff,a60expertise,PR,公共關係,
dcarbon,dbdcarbon,staff,a60expertise,media,廣告傳播,
dcarbon,dbdcarbon,staff,a60expertise,otherICT,未列項資通訊知識,
dcarbon,dbdcarbon,staff,a60expertise,othermagage,未列項企業經營知識,
dcarbon,dbdcarbon,staff,a60expertise,otherexpertize,其他未列項專業知識,
dcarbon,dbdcarbon,staff,a60expertise,expertise01,備專長類擴充01,
dcarbon,dbdcarbon,staff,a60expertise,expertise02,備專長類擴充02,
dcarbon,dbdcarbon,staff,a60expertise,expertise03,備專長類擴充03,
dcarbon,dbdcarbon,staff,a60expertise,expertise04,備專長類擴充04,
dcarbon,dbdcarbon,staff,a60expertise,expertise05,備專長類擴充05,
dcarbon,dbdcarbon,staff,a60expertise,expertise06,備專長類擴充06,
dcarbon,dbdcarbon,staff,a60expertise,expertise07,備專長類擴充07,
dcarbon,dbdcarbon,staff,a60expertise,expertise08,備專長類擴充08,
dcarbon,dbdcarbon,staff,a60expertise,expertise09,備專長類擴充09,
dcarbon,dbdcarbon,loyalist,a15role,collecter,參數蒐整士,
dcarbon,dbdcarbon,loyalist,a15role,processer,流程分解士,
dcarbon,dbdcarbon,loyalist,a15role,methodor,方法建構士,
dcarbon,dbdcarbon,loyalist,a15role,invesgator,驗證查證士,
dcarbon,dbdcarbon,loyalist,a15role,otherrole1,備用角色1,
dcarbon,dbdcarbon,loyalist,a15role,otherrole2,備用角色2,
dcarbon,dbdcarbon,loyalist,a15role,otherrole3,備用角色3,
dcarbon,dbdcarbon,loyalist,a15role,otherrole4,備用角色4,
dcarbon,dbdcarbon,loyalist,a15role,otherrole5,備用角色5,
dcarbon,dbdcarbon,loyalist,a45expertise,fianacial,財務金融,
dcarbon,dbdcarbon,loyalist,a45expertise,economics,經濟學,
dcarbon,dbdcarbon,loyalist,a45expertise,marketing,市場行銷,
dcarbon,dbdcarbon,loyalist,a45expertise,translate,翻譯學,
dcarbon,dbdcarbon,loyalist,a45expertise,IPR,智慧財產權,
dcarbon,dbdcarbon,loyalist,a45expertise,law,一般法津知識,
dcarbon,dbdcarbon,loyalist,a45expertise,engineering,工業工程,
dcarbon,dbdcarbon,loyalist,a45expertise,design,設計學,
dcarbon,dbdcarbon,loyalist,a45expertise,programming,程式語言,
dcarbon,dbdcarbon,loyalist,a45expertise,bigdata,大數據,
dcarbon,dbdcarbon,loyalist,a45expertise,auto,自動控制,
dcarbon,dbdcarbon,loyalist,a45expertise,IOT,物聯網,
dcarbon,dbdcarbon,loyalist,a45expertise,blockchain,區塊鏈,
dcarbon,dbdcarbon,loyalist,a45expertise,AI,人工智慧,
dcarbon,dbdcarbon,loyalist,a45expertise,agronomy,農藝學,
dcarbon,dbdcarbon,loyalist,a45expertise,husbandry,畜牧學,
dcarbon,dbdcarbon,loyalist,a45expertise,strategy,策略管理,
dcarbon,dbdcarbon,loyalist,a45expertise,CSR,企業社會責任,
dcarbon,dbdcarbon,loyalist,a45expertise,accounting,會計,
dcarbon,dbdcarbon,loyalist,a45expertise,HRM,人力資源,
dcarbon,dbdcarbon,loyalist,a45expertise,PR,公共關係,
dcarbon,dbdcarbon,loyalist,a45expertise,media,廣告傳播,
dcarbon,dbdcarbon,loyalist,a45expertise,otherICT,未列項資通訊知識,
dcarbon,dbdcarbon,loyalist,a45expertise,othermagage,未列項企業經營知識,
dcarbon,dbdcarbon,loyalist,a45expertise,otherexpertize,其他未列項專業知識,
dcarbon,dbdcarbon,loyalist,a45expertise,expertise01,備專長類擴充01,
dcarbon,dbdcarbon,loyalist,a45expertise,expertise02,備專長類擴充02,
dcarbon,dbdcarbon,loyalist,a45expertise,expertise03,備專長類擴充03,
dcarbon,dbdcarbon,loyalist,a45expertise,expertise04,備專長類擴充04,
dcarbon,dbdcarbon,loyalist,a45expertise,expertise05,備專長類擴充05,
dcarbon,dbdcarbon,loyalist,a45expertise,expertise06,備專長類擴充06,
dcarbon,dbdcarbon,loyalist,a45expertise,expertise07,備專長類擴充07,
dcarbon,dbdcarbon,loyalist,a45expertise,expertise08,備專長類擴充08,
dcarbon,dbdcarbon,loyalist,a45expertise,expertise09,備專長類擴充09,
dcarbon,dbdcarbon,product,a10part,part01,活動物；動物產品,
dcarbon,dbdcarbon,product,a10part,part02,植物產品,
dcarbon,dbdcarbon,product,a10part,part03,動植物油脂及其分解物；調製食用油脂；動植物蠟,
dcarbon,dbdcarbon,product,a10part,part04,調製食品；飲料；酒類及醋；菸類及已製菸類代用品,
dcarbon,dbdcarbon,product,a10part,part05,礦產品,
dcarbon,dbdcarbon,product,a10part,part06,化學或有關工業產品,
dcarbon,dbdcarbon,product,a10part,part07,塑膠及其製品；橡膠及其製品,
dcarbon,dbdcarbon,product,a10part,part08,生皮、皮革、毛皮及其製品；鞍具及輓具；旅行用物品、手袋及其類似容器；動物腸線製品（蠶腸線除外）,
dcarbon,dbdcarbon,product,a10part,part09,木及木製品；木炭；軟木及軟木製品；草及其他編結材料之編結品；編籃及柳條編結品,
dcarbon,dbdcarbon,product,a10part,part10,木漿或其他纖維素材料之紙漿；回收（廢料及碎屑）紙或紙板；紙及紙板及其製品,
dcarbon,dbdcarbon,product,a10part,part11,紡織品及紡織製品,
dcarbon,dbdcarbon,product,a10part,part12,鞋、帽、雨傘、遮陽傘、手杖、座凳式手杖、鞭、馬鞭及其零件；已整理之羽毛及其製品；人造花；人髮製品,
dcarbon,dbdcarbon,product,a10part,part13,石料、膠泥、水泥、石棉、雲母或類似材料之製品；陶瓷產品；玻璃及玻璃器,
dcarbon,dbdcarbon,product,a10part,part14,天然珍珠或養珠、寶石或次寶石、貴金屬、被覆貴金屬之金屬及其製品；仿首飾；鑄幣,
dcarbon,dbdcarbon,product,a10part,part15,卑金屬及卑金屬製品,
dcarbon,dbdcarbon,product,a10part,part16,機器及機械用具；電機設備；及其零件；錄音機及聲音重放機，電視影像、聲音記錄機及重放機，上述各物之零件及附件,
dcarbon,dbdcarbon,product,a10part,part17,車輛、航空器、船舶及有關運輸設備,
dcarbon,dbdcarbon,product,a10part,part18,光學、照相、電影、計量、檢查、精密、內科或外科儀器及器具；鐘錶；樂器；上述物品之零件及附件,
dcarbon,dbdcarbon,product,a10part,part19,武器與彈藥；及其零件與附件,
dcarbon,dbdcarbon,product,a10part,part20,雜項製品,
dcarbon,dbdcarbon,product,a10part,part21,藝術品、珍藏品及古董,
dcarbon,dbdcarbon,product,a15chapter,chap01,活動物,
dcarbon,dbdcarbon,product,a15chapter,chap02,肉及食用雜碎,
dcarbon,dbdcarbon,product,a15chapter,chap03,魚類、甲殼類、軟體類及其他水產無脊椎動物,
dcarbon,dbdcarbon,product,a15chapter,chap04,乳製品；禽蛋；天然蜜；未列名食用動物產品,
dcarbon,dbdcarbon,product,a15chapter,chap05,未列名動物產品,
dcarbon,dbdcarbon,product,a15chapter,chap06,活樹及其他植物；球莖、根及類似品；切花及裝飾用葉,
dcarbon,dbdcarbon,product,a15chapter,chap07,食用蔬菜及部份根菜與塊莖菜類,
dcarbon,dbdcarbon,product,a15chapter,chap08,食用果實及堅果；柑橘屬果實或甜瓜之外皮,
dcarbon,dbdcarbon,product,a15chapter,chap09,咖啡、茶、馬黛茶及香料,
dcarbon,dbdcarbon,product,a15chapter,chap10,穀類,
dcarbon,dbdcarbon,product,a15chapter,chap11,製粉工業產品；麥芽；澱粉；菊糖；麵筋,
dcarbon,dbdcarbon,product,a15chapter,chap12,油料種子及含油質果實；雜項穀粒、種子及果實；工業用或藥用植物；芻草及飼料,
dcarbon,dbdcarbon,product,a15chapter,chap13,蟲漆；植物膠、樹脂、其他植物汁液及萃取物,
dcarbon,dbdcarbon,product,a15chapter,chap14,編結用植物性材料；未列名植物產品,
dcarbon,dbdcarbon,product,a15chapter,chap15,動植物油脂及其分解物；調製食用油脂；動植物蠟,
dcarbon,dbdcarbon,product,a15chapter,chap16,肉、魚或甲殼、軟體或其他水產無脊椎動物等之調製品,
dcarbon,dbdcarbon,product,a15chapter,chap17,糖及糖果,
dcarbon,dbdcarbon,product,a15chapter,chap18,可可及可可製品,
dcarbon,dbdcarbon,product,a15chapter,chap19,穀類、粉、澱粉或奶之調製食品；糕餅類食品,
dcarbon,dbdcarbon,product,a15chapter,chap20,蔬菜、果實、堅果或植物其他部份之調製品,
dcarbon,dbdcarbon,product,a15chapter,chap21,雜項調製食品,
dcarbon,dbdcarbon,product,a15chapter,chap22,飲料、酒類及醋,
dcarbon,dbdcarbon,product,a15chapter,chap23,食品工業產製過程之殘渣及廢品；調製動物飼料,
dcarbon,dbdcarbon,product,a15chapter,chap24,菸（包括菸葉及菸類）及菸葉代用品,
dcarbon,dbdcarbon,product,a15chapter,chap25,鹽；硫磺；土及石料；塗牆料，石灰及水泥,
dcarbon,dbdcarbon,product,a15chapter,chap26,礦石、熔渣及礦灰,
dcarbon,dbdcarbon,product,a15chapter,chap27,礦物燃料、礦油及其蒸餾產品；含瀝青物質；研蠟,
dcarbon,dbdcarbon,product,a15chapter,chap28,無機化學品；貴金屬、稀土金屬、放射性元素及其同位素之有機及無機化合物,
dcarbon,dbdcarbon,product,a15chapter,chap29,有機化學產品,
dcarbon,dbdcarbon,product,a15chapter,chap30,醫藥品,
dcarbon,dbdcarbon,product,a15chapter,chap31,肥料,
dcarbon,dbdcarbon,product,a15chapter,chap32,鞣革或染色用萃取物；鞣酸及其衍生物；染料、顏料及其他著色料；漆類及凡立水；油灰及其他灰泥；墨類,
dcarbon,dbdcarbon,product,a15chapter,chap33,精油及樹脂狀物質；香水、化妝品或盥洗用品,
dcarbon,dbdcarbon,product,a15chapter,chap34,肥皂，有機界面活性劑，洗滌劑，潤滑劑，人造蠟，調製蠟，擦光或除垢劑，蠟蠋及類似品，塑型用軟膏，（牙科用蠟）以及石膏為基料之牙科用劑,
dcarbon,dbdcarbon,product,a15chapter,chap35,蛋白狀物質；改質澱粉；膠；酵素,
dcarbon,dbdcarbon,product,a15chapter,chap36,炸藥；煙火品；火柴；引火合金；可燃製品,
dcarbon,dbdcarbon,product,a15chapter,chap37,感光或電影用品,
dcarbon,dbdcarbon,product,a15chapter,chap38,雜項化學產品,
dcarbon,dbdcarbon,product,a15chapter,chap39,塑膠及其製品,
dcarbon,dbdcarbon,product,a15chapter,chap40,橡膠及其膠品,
dcarbon,dbdcarbon,product,a15chapter,chap41,生皮（毛皮除外）及皮革,
dcarbon,dbdcarbon,product,a15chapter,chap42,皮革製品；鞍具及輓具；旅行用物品、手提袋及類似容器；動物腸線（蠶腸線除外）製品,
dcarbon,dbdcarbon,product,a15chapter,chap43,毛皮與人造毛皮及其製品,
dcarbon,dbdcarbon,product,a15chapter,chap44,木及木製品；木炭,
dcarbon,dbdcarbon,product,a15chapter,chap45,軟木及軟木製品,
dcarbon,dbdcarbon,product,a15chapter,chap46,草及其他編結材料之編結品；編籃及柳條編結品,
dcarbon,dbdcarbon,product,a15chapter,chap47,木漿或其他纖維素材料之紙漿；回收（廢料及碎屑）紙或紙板,
dcarbon,dbdcarbon,product,a15chapter,chap48,紙及紙板；紙漿、紙或紙板之製品,
dcarbon,dbdcarbon,product,a15chapter,chap49,書籍，新聞報紙，圖書及其他印刷工業產品；手寫稿、打字稿及設計圖樣,
dcarbon,dbdcarbon,product,a15chapter,chap50,絲,
dcarbon,dbdcarbon,product,a15chapter,chap51,羊毛，動物粗細毛；馬毛紗及其梭織物,
dcarbon,dbdcarbon,product,a15chapter,chap52,棉花,
dcarbon,dbdcarbon,product,a15chapter,chap53,其他植物紡織纖維；紙紗及紙紗梭織物,
dcarbon,dbdcarbon,product,a15chapter,chap54,人造纖維絲,
dcarbon,dbdcarbon,product,a15chapter,chap55,人造纖維棉,
dcarbon,dbdcarbon,product,a15chapter,chap56,填充用材料、氈呢、不織布；特種紗、撚線、繩、索、纜及其製品,
dcarbon,dbdcarbon,product,a15chapter,chap57,地毯及其他紡織材料覆地物,
dcarbon,dbdcarbon,product,a15chapter,chap58,特殊梭織物；簇絨織物；花邊織物；掛毯；裝飾織物；刺繡織物,
dcarbon,dbdcarbon,product,a15chapter,chap59,浸漬、塗佈、被覆或黏合之紡織物；工業用紡織物,
dcarbon,dbdcarbon,product,a15chapter,chap60,針織品或鉤針織品,
dcarbon,dbdcarbon,product,a15chapter,chap61,針織或鉤針織之衣著及服飾附屬品,
dcarbon,dbdcarbon,product,a15chapter,chap62,非針織及非鉤針織之衣著及服飾附屬品,
dcarbon,dbdcarbon,product,a15chapter,chap63,其他製成紡織品；組合品；不堪用衣著及不堪用紡織品；破布,
dcarbon,dbdcarbon,product,a15chapter,chap64,鞋靴、綁腿及類似品；此類物品之零件,
dcarbon,dbdcarbon,product,a15chapter,chap65,帽類及其零件,
dcarbon,dbdcarbon,product,a15chapter,chap66,雨傘、陽傘、手杖、座凳式手杖、鞭、馬鞭及其零件,
dcarbon,dbdcarbon,product,a15chapter,chap67,已整理之羽毛、羽絨及其製品；人造花；人髮製品,
dcarbon,dbdcarbon,product,a15chapter,chap68,石料、膠泥、水泥、石棉、雲母或類似材料之製品,
dcarbon,dbdcarbon,product,a15chapter,chap69,陶瓷產品,
dcarbon,dbdcarbon,product,a15chapter,chap70,玻璃及玻璃器,
dcarbon,dbdcarbon,product,a15chapter,chap71,天然珍珠或養珠、寶石或次寶石、貴金屬、被覆貴金屬之金屬及其製品；仿首飾；鑄幣,
dcarbon,dbdcarbon,product,a15chapter,chap72,鋼製,
dcarbon,dbdcarbon,product,a15chapter,chap73,鋼鐵製品,
dcarbon,dbdcarbon,product,a15chapter,chap74,銅及其製品,
dcarbon,dbdcarbon,product,a15chapter,chap75,鎳及其製品,
dcarbon,dbdcarbon,product,a15chapter,chap76,鋁其製品,
dcarbon,dbdcarbon,product,a15chapter,chap78,鉛及其製品,
dcarbon,dbdcarbon,product,a15chapter,chap79,鋅及其製品,
dcarbon,dbdcarbon,product,a15chapter,chap80,錫及其製品,
dcarbon,dbdcarbon,product,a15chapter,chap81,其他卑金屬；瓷金；及其製品,
dcarbon,dbdcarbon,product,a15chapter,chap82,卑金屬製工具、器具、利器、匙、叉及其零件,
dcarbon,dbdcarbon,product,a15chapter,chap83,雜項卑金屬製品,
dcarbon,dbdcarbon,product,a15chapter,chap84,核子反應器、鍋爐、機器及機械用具；及其零件,
dcarbon,dbdcarbon,product,a15chapter,chap85,電機與設備及其零件；錄音機及聲音重放機；電視影像、聲音記錄機及重放機；以及上述各物之零件及附件,
dcarbon,dbdcarbon,product,a15chapter,chap86,鐵路或電車道機車、車輛及其零件；鐵路或電車道軌道固定設備及配件與零件；各種機械式（包括電動機械）交通信號設備,
dcarbon,dbdcarbon,product,a15chapter,chap87,鐵路及電車道車輛以外之車輛及其零件與附件,
dcarbon,dbdcarbon,product,a15chapter,chap88,航空器、太空船及其零件,
dcarbon,dbdcarbon,product,a15chapter,chap89,船舶及浮動構造體,
dcarbon,dbdcarbon,product,a15chapter,chap90,光學、照相、電影、計量、檢查、精密、內科或外科儀器及器具；鐘錶；樂器；上述物品之零件及附件,
dcarbon,dbdcarbon,product,a15chapter,chap91,鐘、錶及其零件,
dcarbon,dbdcarbon,product,a15chapter,chap92,樂器；與其零件及附件,
dcarbon,dbdcarbon,product,a15chapter,chap93,武器與彈藥；及其零件與附件,
dcarbon,dbdcarbon,product,a15chapter,chap94,家具；寢具、褥支持物、軟墊及類似充填家具；未列名之燈具及照明配件；照明標誌、照明名牌及類似品；組合式建築物,
dcarbon,dbdcarbon,product,a15chapter,chap95,玩具、遊戲品與運動用品；及其零件與附件,
dcarbon,dbdcarbon,product,a15chapter,chap96,雜項製品,
dcarbon,dbdcarbon,product,a15chapter,chap97,藝術品、珍藏品及古董,
dcarbon,dbdcarbon,product,a15chapter,chap98,關稅配額之貨品,
dcarbon,dbdcarbon,product,a20section,sectX,HS節,(待補)
dcarbon,dbdcarbon,product,a25subsection,subsectX,HS目,(待補)
dcarbon,dbdcarbon,activity,a10type,production,減碳生產活動,
dcarbon,dbdcarbon,activity,a10type,nonproduction,減碳非生產活動,
dcarbon,dbdcarbon,activity,a10type,otherlowemission,其他減碳活動,
dcarbon,dbdcarbon,activity,a10type,fixation,增匯生產活動,
dcarbon,dbdcarbon,activity,a10type,otherfixation,其他增匯活動,
dcarbon,dbdcarbon,subact,a10type,process01,育苗,
dcarbon,dbdcarbon,subact,a10type,process02,整地,
dcarbon,dbdcarbon,subact,a10type,process03,播種,
dcarbon,dbdcarbon,subact,a10type,process04,插秧,
dcarbon,dbdcarbon,subact,a10type,process05,栽培管理,
dcarbon,dbdcarbon,subact,a10type,process06,採收或收割,
dcarbon,dbdcarbon,subact,a10type,process07,收獲物運輸,
dcarbon,dbdcarbon,subact,a10type,process08,烘乾,
dcarbon,dbdcarbon,subact,a10type,process09,碾製,
dcarbon,dbdcarbon,subact,a10type,process10,常溫或冷藏貯存,
dcarbon,dbdcarbon,subact,a10type,process11,包裝標章標示,
dcarbon,dbdcarbon,subact,a10type,process12,商品運輸,
dcarbon,dbdcarbon,subact,a10type,process13,果園整備,
dcarbon,dbdcarbon,subact,a10type,process14,定植或嫁接,
dcarbon,dbdcarbon,subact,a10type,process15,收穫物採後處理,
dcarbon,dbdcarbon,subact,a10type,process16,原原種取得,
dcarbon,dbdcarbon,subact,a10type,process17,原原種培養保存,
dcarbon,dbdcarbon,subact,a10type,process18,原種製作,
dcarbon,dbdcarbon,subact,a10type,process19,栽培種製作,
dcarbon,dbdcarbon,subact,a10type,process20,太空包·製作,
dcarbon,dbdcarbon,subact,a10type,process21,鮮菇處理分級,
dcarbon,dbdcarbon,subact,a10type,process22,乾燥分級,
dcarbon,dbdcarbon,subact,a10type,process23,栽培廢料處理,
dcarbon,dbdcarbon,subact,a10type,process24,種苗消毒,
dcarbon,dbdcarbon,subact,a10type,process25,植株固定,
dcarbon,dbdcarbon,subact,a10type,process26,果房套袋,
dcarbon,dbdcarbon,subact,a10type,process27,疏果剪枝,
dcarbon,dbdcarbon,subact,a10type,process28,扦插,
dcarbon,dbdcarbon,subact,a10type,process29,摘採茶菁,
dcarbon,dbdcarbon,subact,a10type,process30,茶葉加工,
dcarbon,dbdcarbon,subact,a10type,process31,禽場整備,
dcarbon,dbdcarbon,subact,a10type,process32,畜禽飼養,
dcarbon,dbdcarbon,subact,a10type,process33,集群作業,
dcarbon,dbdcarbon,subact,a10type,process34,屠宰及冷卻,
dcarbon,dbdcarbon,subact,a10type,process35,肉品分切,
dcarbon,dbdcarbon,subact,a10type,process36,集蛋,
dcarbon,dbdcarbon,subact,a10type,process37,蛋選別,
dcarbon,dbdcarbon,subact,a10type,process38,原料蛋選別,
dcarbon,dbdcarbon,subact,a10type,process39,清洗分級,
dcarbon,dbdcarbon,subact,a10type,process40,漫(醃)漬,
dcarbon,dbdcarbon,subact,a10type,process41,蛋撈取蒸煮,
dcarbon,dbdcarbon,subact,a10type,process42,畜舍整備,
dcarbon,dbdcarbon,subact,a10type,process43,貯乳,
dcarbon,dbdcarbon,subact,a10type,process44,交乳,
dcarbon,dbdcarbon,subact,a10type,process45,乳品加工,
dcarbon,dbdcarbon,subact,a10type,process46,水產苗入池,
dcarbon,dbdcarbon,subact,a10type,process47,水產飼養,
dcarbon,dbdcarbon,subact,a10type,process48,水產養成,
dcarbon,dbdcarbon,subact,a10type,process49,水產收獲處理,
dcarbon,dbdcarbon,subact,a10type,process50,生鮮水產驗收,
dcarbon,dbdcarbon,subact,a10type,process51,生鮮水產貯藏,
dcarbon,dbdcarbon,subact,a10type,process52,生鮮水產選別,
dcarbon,dbdcarbon,subact,a10type,process53,生鮮水產清洗,
dcarbon,dbdcarbon,subact,a10type,process54,水產川燙,
dcarbon,dbdcarbon,subact,a10type,process55,川燙水產冰鎮冷卻,
dcarbon,dbdcarbon,subact,a10type,process56,水產取肉,
dcarbon,dbdcarbon,subact,a10type,process57,水產肉首次凍結,
dcarbon,dbdcarbon,subact,a10type,process58,冷凍水產包冰,
dcarbon,dbdcarbon,subact,a10type,process59,水產肉二次凍結,
dcarbon,dbdcarbon,subact,a10type,process60,冷凍貯藏,
dcarbon,dbdcarbon,subact,a10type,process61,冷凍展售,
dcarbon,dbdcarbon,subact,a10type,process62,水產放血,
dcarbon,dbdcarbon,subact,a10type,process63,水產脫膜,
dcarbon,dbdcarbon,subact,a10type,process64,甲魚去除外膜,
dcarbon,dbdcarbon,subact,a10type,process65,甲殻類去殻,
dcarbon,dbdcarbon,subact,a10type,process66,水產去除內臟,
dcarbon,dbdcarbon,subact,a10type,process67,甲魚去牙及指,
dcarbon,dbdcarbon,subact,a10type,process68,水產分切,
dcarbon,dbdcarbon,subact,a10type,process69,魚產去鱗,
dcarbon,dbdcarbon,subact,a10type,process70,蝦子去頭,
dcarbon,dbdcarbon,subact,a10type,process71,牡蠣殻清洗,
dcarbon,dbdcarbon,subact,a10type,process72,牡蠣靜置,
dcarbon,dbdcarbon,subact,a10type,process73,牡蠣剝殻,
dcarbon,dbdcarbon,subact,a10type,process74,牡蠣冰浴保溫,
dcarbon,dbdcarbon,subact,a10type,process75,牡蠣肉清洗,
dcarbon,dbdcarbon,subact,a10type,process76,毛坯製造,
dcarbon,dbdcarbon,subact,a10type,process77,零件加工,
dcarbon,dbdcarbon,subact,a10type,process78,產品裝配,
dcarbon,dbdcarbon,subact,a10type,process79,產品設計,
dcarbon,dbdcarbon,subact,a10type,process80,工藝設計,
dcarbon,dbdcarbon,subact,a10type,process81,工藝裝備的設計與製造,
dcarbon,dbdcarbon,subact,a10type,process82,標準化工作,
dcarbon,dbdcarbon,subact,a10type,process83,定額工作,
dcarbon,dbdcarbon,subact,a10type,process84,調整勞動組織,
dcarbon,dbdcarbon,subact,a10type,process85,設備的平面布置,
dcarbon,dbdcarbon,subact,a10type,process86,原材料準備,
dcarbon,dbdcarbon,subact,a10type,process87,協作件的準備,
dcarbon,dbdcarbon,subact,a10type,process88,動力工具的生產,
dcarbon,dbdcarbon,subact,a10type,process89,設備維修,
dcarbon,dbdcarbon,subact,a10type,process90,維修用備件的生產,
dcarbon,dbdcarbon,input,a10inputtype,inputtype01,種子,
dcarbon,dbdcarbon,input,a10inputtype,inputtype02,種苗,
dcarbon,dbdcarbon,input,a10inputtype,inputtype03,土壤,
dcarbon,dbdcarbon,input,a10inputtype,inputtype04,濯溉水,
dcarbon,dbdcarbon,input,a10inputtype,inputtype05,栽培設施,
dcarbon,dbdcarbon,input,a10inputtype,inputtype06,支柱材料,
dcarbon,dbdcarbon,input,a10inputtype,inputtype07,棚架,
dcarbon,dbdcarbon,input,a10inputtype,inputtype08,化學肥料,
dcarbon,dbdcarbon,input,a10inputtype,inputtype09,有機肥料,
dcarbon,dbdcarbon,input,a10inputtype,inputtype10,農藥,
dcarbon,dbdcarbon,input,a10inputtype,inputtype11,非農藥防治資材,
dcarbon,dbdcarbon,input,a10inputtype,inputtype12,農作用具,
dcarbon,dbdcarbon,input,a10inputtype,inputtype13,農業機械,
dcarbon,dbdcarbon,input,a10inputtype,inputtype14,採後處理資材,
dcarbon,dbdcarbon,input,a10inputtype,inputtype15,農藥殘留檢測儀器,
dcarbon,dbdcarbon,input,a10inputtype,inputtype16,洗濯或冷卻水,
dcarbon,dbdcarbon,input,a10inputtype,inputtype17,溫控設備,
dcarbon,dbdcarbon,input,a10inputtype,inputtype18,貯藏設備,
dcarbon,dbdcarbon,input,a10inputtype,inputtype19,包裝材料,
dcarbon,dbdcarbon,input,a10inputtype,inputtype20,商品運輸車輛,
dcarbon,dbdcarbon,input,a10inputtype,inputtype21,冷鏈車輛,
dcarbon,dbdcarbon,input,a10inputtype,inputtype22,用電,
dcarbon,dbdcarbon,input,a10inputtype,inputtype23,柴油,
dcarbon,dbdcarbon,input,a10inputtype,inputtype24,汽油,
dcarbon,dbdcarbon,input,a10inputtype,inputtype25,栽培介質,
dcarbon,dbdcarbon,input,a10inputtype,inputtype26,作業場所,
dcarbon,dbdcarbon,input,a10inputtype,inputtype27,接種培養室,
dcarbon,dbdcarbon,input,a10inputtype,inputtype28,無菌操作台,
dcarbon,dbdcarbon,input,a10inputtype,inputtype29,清毒藥劑,
dcarbon,dbdcarbon,input,a10inputtype,inputtype30,菇類栽培室,
dcarbon,dbdcarbon,input,a10inputtype,inputtype31,飼養設施,
dcarbon,dbdcarbon,input,a10inputtype,inputtype32,飼養設備,
dcarbon,dbdcarbon,input,a10inputtype,inputtype33,飼料,
dcarbon,dbdcarbon,input,a10inputtype,inputtype34,飼料添加物,
dcarbon,dbdcarbon,input,a10inputtype,inputtype35,動物疫苗,
dcarbon,dbdcarbon,input,a10inputtype,inputtype36,動物藥品,
dcarbon,dbdcarbon,input,a10inputtype,inputtype37,清潔劑,
dcarbon,dbdcarbon,input,a10inputtype,inputtype38,脫毛劑,
dcarbon,dbdcarbon,input,a10inputtype,inputtype39,漫(醃)漬材料,
dcarbon,dbdcarbon,input,a10inputtype,inputtype40,畜禽飲用水,
dcarbon,dbdcarbon,input,a10inputtype,inputtype41,貯乳槽,
dcarbon,dbdcarbon,input,a10inputtype,inputtype42,鮮乳生產設備,
dcarbon,dbdcarbon,input,a10inputtype,inputtype43,水產苗,
dcarbon,dbdcarbon,input,a10inputtype,inputtype44,水產器皿網具,
dcarbon,dbdcarbon,input,a10inputtype,inputtype45,飼料儲藏室,
dcarbon,dbdcarbon,input,a10inputtype,inputtype46,藥品儲藏室,
dcarbon,dbdcarbon,input,a10inputtype,inputtype47,器皿儲藏室,
dcarbon,dbdcarbon,input,a10inputtype,inputtype48,水產儲藏庫,
dcarbon,dbdcarbon,input,a10inputtype,inputtype49,包裝材料儲藏室,
dcarbon,dbdcarbon,input,a10inputtype,inputtype50,工業廠房,
dcarbon,dbdcarbon,input,a10inputtype,inputtype51,工業機械,
dcarbon,dbdcarbon,input,a10inputtype,inputtype52,工業設備,
dcarbon,dbdcarbon,input,a10inputtype,inputtype53,原物料,
dcarbon,dbdcarbon,input,a10inputtype,inputtype54,零件部件,
dcarbon,dbdcarbon,input,a10inputtype,inputtype55,輸送帶,
dcarbon,dbdcarbon,input,a10inputtype,inputtype56,輸送車,
dcarbon,dbdcarbon,input,a10inputtype,inputtype57,檢驗儀器,
dcarbon,dbdcarbon,input,a10inputtype,inputtype58,控制設備,
dcarbon,dbdcarbon,input,a10inputtype,inputtype59,組裝工作,
dcarbon,dbdcarbon,input,a10inputtype,inputtype60,鑄模設備,
dcarbon,dbdcarbon,input,a10inputtype,inputtype61,化學反應設備,
dcarbon,dbdcarbon,input,a10inputtype,inputtype62,包裝機,
dcarbon,dbdcarbon,input,a10inputtype,inputtype63,挍拌機,
dcarbon,dbdcarbon,input,a10inputtype,inputtype64,淬取機,
dcarbon,dbdcarbon,dataneed,a10datatype,baseline,基線資料,
dcarbon,dbdcarbon,dataneed,a10datatype,evidence,減碳或增匯活動佐證,
dcarbon,dbdcarbon,dataneed,a10datatype,persist,持續減碳或增匯活動佐證,
dcarbon,dbdcarbon,progress,a10stage,filed,受理申請,
dcarbon,dbdcarbon,progress,a10stage,disintegrate,送請活動分解中,
dcarbon,dbdcarbon,progress,a10stage,disintegrated,活動分解成功,
dcarbon,dbdcarbon,progress,a10stage,checkitem,相關參數充足性檢查中,
dcarbon,dbdcarbon,progress,a10stage,checked,相關參數檢查完成,
dcarbon,dbdcarbon,progress,a10stage,collectiing,不足參數蒐尋中,
dcarbon,dbdcarbon,progress,a10stage,adequate,相關參數充足,
dcarbon,dbdcarbon,progress,a10stage,constructing,送請建構認驗證方法中,
dcarbon,dbdcarbon,progress,a10stage,methodology,認驗證方法建構完成,
dcarbon,dbdcarbon,progress,a10stage,uploading,上傳佐證資料中,
dcarbon,dbdcarbon,progress,a10stage,lack,要求補充資料,
dcarbon,dbdcarbon,progress,a10stage,supplement,補傳資料,
dcarbon,dbdcarbon,progress,a10stage,complete,佐證資料齊全,
dcarbon,dbdcarbon,progress,a10stage,investigating,驗證查驗中,
dcarbon,dbdcarbon,progress,a10stage,report,出驗證報告,
dcarbon,dbdcarbon,progress,a10stage,issue,發證,
dcarbon,dbdcarbon,progress,a10stage,persist,減碳或增匯活動持續,
dcarbon,dbdcarbon,source,a05type,SCIhardcopy,紙本SCI期刊,
dcarbon,dbdcarbon,source,a05type,SCIweb,網上SCI期刊,
dcarbon,dbdcarbon,source,a05type,opendata,開放資料,
dcarbon,dbdcarbon,source,a05type,GOVhardcopy,政府公布紙本資料,
dcarbon,dbdcarbon,source,a05type,GOVweb,政府公布於網站資料,
dcarbon,dbdcarbon,source,a05type,agenthardcopy,公信機構公布紙本資料,
dcarbon,dbdcarbon,source,a05type,agentweb,公信機構公布於網站資料,
